Nama Produk,Harga,Rating
Kopi Robusta Aceh Gayo Sumatra Coffee Roast Bean Espresso Coffe 200 gr,Rp65.000,5.0
Kopi Arabika Aceh Gayo Sumatra Arabica Coffee Bean Coffe Beans 500 gr,Rp185.000,5.0
Biji Kopi Bubuk Arabika Aceh Gayo Sumatra Arabica Coffee Bean Coffe,Rp60.000,5.0
Kopi Robusta Aceh Gayo Sumatra Coffee Roasted Bean Espresso Coffe 1 Kg,Rp220.000,5.0
Kopi Arabika Aceh Gayo Sumatra Arabica Coffee Bean Coffe Beans 100 gr,Rp60.000,5.0
Kopi Robusta Aceh Gayo Sumatra Coffee Roast Bean Espresso Coffe 100 gr,Rp40.000,5.0
Kopi Arabika Aceh Gayo Sumatra Arabica Coffee Bean Coffe Beans 1 Kg,Rp350.000,5.0
Kopi Arabika Gayo Wine Aceh Sumatra Arabica Coffee Roasted Beans 1 Kg,Rp495.000,5.0
Kopi Arabika Aceh Gayo Sumatra Arabica Coffee Bean Coffe Beans 200 gr,Rp95.000,5.0
Drip Bag Coffee Robusta Aceh Gayo Minuman Kopi Instan 12 gr Tanpa Gula,Rp7.499,5.0
Kopi Arabika Gayo Wine Aceh Sumatra Arabica Coffee Roasted Beans 100gr,Rp80.000,4.9
Kopi Arabika Gayo Wine Aceh Sumatra Arabica Coffee Roasted Beans 500gr,Rp194.998,4.9
Biji Kopi Bubuk Robusta Aceh Gayo Sumatra Coffee Bean Espresso Coffe,Rp34.998,4.9
Biji Kopi Bubuk Arabika Gayo Wine Aceh Sumatra Arabica Coffee Beans,Rp80.000,4.9
Biji Kopi Bubuk Arabika Gayo Wine Aceh Sumatra Arabica Coffee Roasted Beans 200gr,Rp125.000,4.9
Drip Bag Arabica Coffee Gayo Aceh Minuman Kopi Arabika Instan 12 Gram,Rp9.999,4.9
Kopi Robusta Aceh Gayo Sumatra Coffee Roast Bean Espresso Coffe 500 gr,Rp125.000,4.9
Biji Kopi Bubuk Arabika Gayo Aceh Sumatra Arabica Coffee Beans 200gr,Rp79.900,5.0
Semekar Coffee - Biji Bubuk Kopi Robusta Aceh Gayo biji bubuk Origin Roasted Beans Semekar Coffee Grade 1 Espresso,Rp49.900,5.0
Biji Kopi Bubuk Robusta Gayo Aceh Coffee Roast Beans Espresso Tubruk 500gr Natural Sweet,Rp118.800,5.0
WoCA Kopi Luwak Gayo 125 gram Bean,Rp353.999,5.0
Kopi Arabika Gayo Bundling Kopi Arabika Mandailing Coffee Biji Bubuk,Rp139.800,5.0
Kopi Luwak Liar Arabika Gayo Aceh Sumatra Arabica Coffee Bean Espresso,Rp89.899,5.0
Biji Kopi Arabika Gayo Natural Arabica Coffee Beans Sakha Roastery 1Kg,Rp414.900,5.0
Semekar Coffee - Kopi Drip Bag Arabika Aceh Gayo Specialty Praktis Box 6pcs,Rp96.900,5.0
Semekar Coffee - Kopi Drip Bag Aceh Gayo Arabica Specialty - Box 6pcs,Rp98.900,5.0
Kopi Arabica Gayo Peaberry Coffee Arabika Asli Tanpa Gula Biji Bubuk Coffe Beans 500gr,Rp193.800,5.0
Kopi Arabika Gayo Wine Arabica Specialty Coffee Roast Beans 100 Gram,Rp59.800,5.0
Kopi Arabika Gayo Blend Coffee Espresso 500gr Biji Bubuk Premium Coffe,Rp169.900,5.0
Kopi Arabica Gayo Natural Coffee Arabika Asli Tanpa Gula Biji Bubuk Coffe Beans 1KG,Rp378.800,5.0
Kopi Arabika Gayo Wine Arabica Coffee Sakha Roastery Biji Bubuk,Rp59.900,5.0
Kopi Arabika Gayo Blend Coffee Espresso 500gr Biji Bubuk Premium Coffe,Rp168.800,5.0
Kopi Luwak Liar Specialty Arabika Gayo Aceh Sumatra Arabica Coffee Bean Espresso,Rp89.800,5.0
Semekar Coffee - Biji Bubuk Kopi Arabika Aceh Gayo Fermentation Wine Specialty Fresh Roasted Beans,Rp89.900,5.0
Kopi Gayo Honey Arabica Coffee Arabika Asli Tanpa Gula Biji Bubuk Coffe Beans 100gr,Rp57.800,5.0
Kopi Arabika Gayo Natural Coffee Roast Bean Espresso Roasted Beans Biji Bubuk 200 Gram,Rp99.900,5.0
Semekar Coffee - Kopi Drip Bag Aceh Gayo Arabica Specialty - Box 6pcs,Rp98.900,5.0
Kopi Luwak Liar Arabika Gayo Aceh Specialty Arabica Coffee Roast Beans 100 Gram,Rp89.800,5.0
Kopi Arabika Gayo Peaberry Coffee Roast Bean Espresso Roasted Beans Biji Bubuk 500 Gram,Rp219.900,5.0
Kopi Arabika Gayo Peaberry Coffee Roast Bean Espresso Roasted Beans Biji Bubuk 100 Gram,Rp64.900,5.0
Kopi Arabika Gayo Blend Coffee Espresso 200gr Biji Bubuk Premium Coffe,Rp73.800,5.0
Biji Kopi Arabika Lanang Peaberry Arabica Gayo Aceh Coffee Roast Bean,Rp52.800,5.0
Semekar Coffee - Biji Bubuk Kopi Arabika Gayo Golden Honey Process Specialty Fresh Roasted Beans,Rp79.900,5.0
Semekar Coffee - Biji Bubuk Kopi Arabika Aceh Gayo Specialty Fresh Roasted Beans 500g 1kg,Rp229.900,5.0
Kopi Arabika Gayo Honey Arabica Specialty Coffee Bean Biji Bubuk Asli,Rp64.900,5.0
Kopi Arabika Gayo Natural Arabica Specialty Coffee Bean 200gr Biji Bubuk,Rp93.800,5.0
Kopi Arabika Gayo Peaberry Coffee Roast Bean Espresso Roasted Beans Biji Bubuk,Rp53.800,5.0
Kopi Arabika Gayo Special House Blend Coffee Bean 100g Biji Bubuk Asli,Rp50.900,5.0
Semekar Coffee- Biji Bubuk Kopi Black Forest Signature Blend Arabica Colombia Supremo x Gayo Honey Espresso Roasted Bean,Rp89.900,5.0
Kopi Arabika Gayo Aceh 200gr Free Kopi Tubruk Nusantara Arabica Coffee,Rp93.800,5.0
ARUTALA Kopi Robusta Gayo 500 gram,Rp119.545,5.0
