Nama Produk,Harga Sekarang,Harga Asli,Diskon,Toko,Lokasi,Rating,Terjual
Kopi Robusta Aceh Gayo Sumatra Coffee Roast Bean Espresso Coffe 200 gr,Rp65.000,Rp95.000,32%,Empo Coffee,N/A,5.0,2rb+ terjual
Kopi Arabika Aceh Gayo Sumatra Arabica Coffee Bean Coffe Beans 500 gr,Rp185.000,Rp275.000,33%,Empo Coffee,N/A,5.0,500+ terjual
Biji Kopi Bubuk Arabika Gayo Wine Aceh Sumatra Arabica Coffee Beans,Rp80.000,Rp125.000,36%,Empo Coffee,N/A,5.0,2rb+ terjual
Biji Kopi Bubuk Arabika Aceh Gayo Sumatra Arabica Coffee Bean Coffe,Rp60.000,Rp90.000,33%,Empo Coffee,N/A,5.0,9rb+ terjual
Kopi Robusta Aceh Gayo Sumatra Coffee Roasted Bean Espresso Coffe 1 Kg,Rp220.000,Rp275.000,20%,Empo Coffee,N/A,5.0,250+ terjual
Kopi Arabika Aceh Gayo Sumatra Arabica Coffee Bean Coffe Beans 100 gr,Rp60.000,Rp90.000,33%,Empo Coffee,N/A,5.0,3rb+ terjual
Kopi Robusta Aceh Gayo Sumatra Coffee Roast Bean Espresso Coffe 100 gr,Rp40.000,Rp70.000,43%,Empo Coffee,N/A,5.0,1rb+ terjual
Kopi Arabika Aceh Gayo Sumatra Arabica Coffee Bean Coffe Beans 1 Kg,Rp350.000,Rp520.000,33%,Empo Coffee,N/A,5.0,70+ terjual
Kopi Arabika Gayo Wine Aceh Sumatra Arabica Coffee Roasted Beans 1 Kg,Rp495.000,Rp620.000,20%,Empo Coffee,N/A,5.0,90+ terjual
Kopi Arabika Aceh Gayo Sumatra Arabica Coffee Bean Coffe Beans 200 gr,Rp95.000,Rp150.000,37%,Empo Coffee,N/A,5.0,9rb+ terjual
Drip Bag Coffee Robusta Aceh Gayo Minuman Kopi Instan 12 gr Tanpa Gula,Rp7.499,Rp27.500,73%,Empo Coffee,N/A,5.0,250+ terjual
Kenal Coffee Gayo Single Origin Kopi 100% Arabika 250 Gr - Biji Espresso Petik Merah,Rp81.180,Rp105.000,23%,KENAL Indonesian Roastery,N/A,4.9,100+ terjual
Kopi Arabika Gayo Wine Aceh Sumatra Arabica Coffee Roasted Beans 100gr,Rp80.000,Rp125.000,36%,Empo Coffee,N/A,4.9,1rb+ terjual
Kopi Arabika Gayo Wine Aceh Sumatra Arabica Coffee Roasted Beans 500gr,Rp270.000,Rp350.000,23%,Empo Coffee,N/A,4.9,250+ terjual
Biji Kopi Bubuk Robusta Aceh Gayo Sumatra Coffee Bean Espresso Coffe,Rp34.998,Rp70.000,50%,Empo Coffee,N/A,4.9,10rb+ terjual
Biji Kopi Bubuk Arabika Gayo Wine Aceh Sumatra Arabica Coffee Roasted Beans 200gr,Rp125.000,Rp225.000,44%,Empo Coffee,N/A,4.9,4rb+ terjual
Kopi Robusta Aceh Gayo Sumatra Coffee Roast Bean Espresso Coffe 500 gr,Rp125.000,Rp145.000,14%,Empo Coffee,N/A,4.9,1rb+ terjual
Drip Bag Arabica Coffee Gayo Aceh Minuman Kopi Arabika Instan 12 Gram,Rp9.999,Rp34.900,71%,Empo Coffee,N/A,4.9,500+ terjual
Gelas beling 250ml bergagang - Gelas kopi gayo bergagang,Rp10.000,Rp10.000,0%,Horeca Store,N/A,5.0,25 terjual
Latina REW-1111 Moka Gayo- Mokapot 200ml - Moka Pot 3 Cup 200 ml Kopi Stainless,Rp122.000,Rp122.000,0%,Toko 9Sembilan,N/A,4.7,30+ terjual
Biji Kopi Bubuk Arabika Gayo Aceh Sumatra Arabica Coffee Beans 200gr,Rp79.900,Rp139.900,43%,Sakha Coffee Roastery,N/A,5.0,10rb+ terjual
Semekar Coffee - Biji Bubuk Kopi Robusta Aceh Gayo biji bubuk Origin Roasted Beans Semekar Coffee Grade 1 Espresso,Rp48.800,Rp80.000,39%,Semekar Coffee,N/A,5.0,5rb+ terjual
Biji Kopi Bubuk Robusta Gayo Aceh Coffee Roast Beans Espresso Tubruk 500gr Natural Sweet,Rp118.700,Rp345.900,66%,Second Step Coffee,N/A,5.0,1rb+ terjual
Kopi Arabika Gayo Bundling Kopi Arabika Mandailing Coffee Biji Bubuk,Rp139.900,Rp260.900,46%,Sakha Coffee Roastery,N/A,5.0,500+ terjual
WoCA Kopi Luwak Gayo 125 gram Bean,Rp353.999,Rp510.000,31%,WoCA Indonesia,N/A,5.0,18 terjual
Biji Kopi Arabika Gayo Natural Arabica Coffee Beans Sakha Roastery 1Kg,Rp414.800,Rp569.900,27%,Sakha Coffee Roastery,N/A,5.0,250+ terjual
Kopi Luwak Liar Arabika Gayo Aceh Sumatra Arabica Coffee Bean Espresso,Rp89.899,Rp180.900,50%,Sakha Coffee Roastery,N/A,5.0,3rb+ terjual
Maharaja Coffee Wild Kopi Luwak Arabika Sumatra Green Gayo 1kg Econo Pack - Indonesia luxury coffee pure & ethical,Rp1.440.000,Rp1.440.000,0%,Maharaja Coffee,N/A,5.0,1 terjual
Maharaja Coffee Kopi Luwak Gayo Coffee Green beans 1kg 100% Wild,Rp649.000,Rp649.000,0%,Maharaja Coffee,N/A,5.0,27 terjual
Semekar Coffee - Kopi Drip Bag Arabika Aceh Gayo Specialty Praktis Box 6pcs,Rp96.900,Rp161.900,40%,Semekar Coffee,N/A,5.0,60+ terjual
Kopi Arabica Gayo Peaberry Coffee Arabika Asli Tanpa Gula Biji Bubuk Coffe Beans 500gr,Rp193.800,Rp320.000,39%,Second Step Coffee,N/A,5.0,90+ terjual
Semekar Coffee - Kopi Drip Bag Aceh Gayo Arabica Specialty - Box 6pcs,Rp98.900,Rp145.900,32%,Semekar Coffee,N/A,5.0,1rb+ terjual
Kopi Arabika Gayo Blend Coffee Espresso 500gr Biji Bubuk Premium Coffe,Rp168.800,Rp295.900,43%,Second Step Coffee,N/A,5.0,250+ terjual
Kopi Arabika Gayo Wine Arabica Specialty Coffee Roast Beans 100 Gram,Rp59.800,Rp99.900,40%,Sakha Coffee Roastery,N/A,5.0,1rb+ terjual
Kopi Arabika Gayo Wine Arabica Coffee Sakha Roastery Biji Bubuk,Rp59.900,Rp109.900,45%,Sakha Coffee Roastery,N/A,5.0,3rb+ terjual
Kopi Arabika Gayo Blend Coffee Espresso 500gr Biji Bubuk Premium Coffe,Rp169.800,Rp290.900,42%,Sakha Coffee Roastery,N/A,5.0,500+ terjual
Kopi Arabica Gayo Natural Coffee Arabika Asli Tanpa Gula Biji Bubuk Coffe Beans 1KG,Rp378.800,Rp378.800,0%,Second Step Coffee,N/A,5.0,100+ terjual
Kopi Luwak Liar Specialty Arabika Gayo Aceh Sumatra Arabica Coffee Bean Espresso,Rp89.800,Rp179.900,50%,Second Step Coffee,N/A,5.0,250+ terjual
Maharaja Coffee Nano Lot Kopi Indonesia Specialty Single Origin Arabica Fresh Roasted 120g - Gayo Mandheling Sumatra Jawa Bali Flores Sulawesi Toraja Gowa Papua,Rp86.500,Rp86.500,0%,Maharaja Coffee,N/A,5.0,100+ terjual
Semekar Coffee - Biji Bubuk Kopi Arabika Aceh Gayo Fermentation Wine Specialty Fresh Roasted Beans,Rp89.900,Rp140.900,36%,Semekar Coffee,N/A,5.0,8rb+ terjual
Maharaja Coffee Organica ACEH GAYO 200g Kopi Sumatra Aceh Sangrai Arabika Biji / Bubuk Kemasan Kaleng Canister,Rp148.000,Rp148.000,0%,Maharaja Coffee,N/A,5.0,25 terjual
Kopi Gayo Honey Arabica Coffee Arabika Asli Tanpa Gula Biji Bubuk Coffe Beans 100gr,Rp57.800,Rp110.900,48%,Second Step Coffee,N/A,5.0,250+ terjual
Maharaja Drip Bag Coffee Organica Aceh Gayo Arabika Kopi Dalam Filter Tanpa Ampas isi 10gr 6 drip/Pack,Rp73.700,Rp73.700,0%,Maharaja Coffee,N/A,5.0,5 terjual
Kopi Luwak Liar Arabika Gayo Aceh Specialty Arabica Coffee Roast Beans 100 Gram,Rp89.800,Rp115.900,23%,Second Step Coffee,N/A,5.0,100+ terjual
Kopi Arabika Gayo Peaberry Coffee Roast Bean Espresso Roasted Beans Biji Bubuk 500 Gram,Rp219.800,Rp419.900,48%,Sakha Coffee Roastery,N/A,5.0,750+ terjual
Semekar Coffee - Kopi Drip Bag Aceh Gayo Arabica Specialty - Box 6pcs,Rp98.900,Rp124.900,21%,Semekar Coffee,N/A,5.0,90+ terjual
Kopi Arabika Gayo Natural Coffee Roast Bean Espresso Roasted Beans Biji Bubuk 200 Gram,Rp99.800,Rp194.900,49%,Sakha Coffee Roastery,N/A,5.0,1rb+ terjual
Biji Kopi Arabika Lanang Peaberry Arabica Gayo Aceh Coffee Roast Bean,Rp52.800,Rp129.900,59%,Second Step Coffee,N/A,5.0,750+ terjual
Kopi Arabika Gayo Peaberry Coffee Roast Bean Espresso Roasted Beans Biji Bubuk 100 Gram,Rp64.800,Rp149.900,57%,Sakha Coffee Roastery,N/A,5.0,250+ terjual
Semekar Coffee - Biji Bubuk Kopi Arabika Gayo Golden Honey Process Specialty Fresh Roasted Beans,Rp79.900,Rp180.000,56%,Semekar Coffee,N/A,5.0,1rb+ terjual
Kopi Arabika Gayo Blend Coffee Espresso 200gr Biji Bubuk Premium Coffe,Rp73.800,Rp189.900,61%,Second Step Coffee,N/A,5.0,250+ terjual
Maharaja Coffee Wild LUWAK GAYO VINTAGE Arabica Kopi Luwak Murni 120g Kemasan Kaleng Canister,Rp109.000,Rp218.000,50%,Maharaja Coffee,N/A,5.0,50+ terjual
Semekar Coffee - Biji Bubuk Kopi Arabika Aceh Gayo Specialty Fresh Roasted Beans 500g 1kg,Rp229.900,Rp300.000,23%,Semekar Coffee,N/A,5.0,1rb+ terjual
Kopi Arabika Gayo Peaberry Coffee Roast Bean Espresso Roasted Beans Biji Bubuk,Rp53.800,Rp127.900,58%,Sakha Coffee Roastery,N/A,5.0,70+ terjual
Kopi Arabika Gayo Natural Arabica Specialty Coffee Bean 200gr Biji Bubuk,Rp93.800,Rp195.900,52%,Second Step Coffee,N/A,5.0,750+ terjual
Kopi Arabika Gayo Honey Arabica Specialty Coffee Bean Biji Bubuk Asli,Rp64.800,Rp179.900,64%,Sakha Coffee Roastery,N/A,5.0,3rb+ terjual
Semekar Coffee- Biji Bubuk Kopi Black Forest Signature Blend Arabica Colombia Supremo x Gayo Honey Espresso Roasted Bean,Rp89.900,Rp145.000,38%,Semekar Coffee,N/A,5.0,11 terjual
Kopi Arabika Gayo Special House Blend Coffee Bean 100g Biji Bubuk Asli,Rp50.800,Rp120.900,58%,Sakha Coffee Roastery,N/A,5.0,250+ terjual
Kopi Arabica Gayo Honey Coffee Arabika Asli Tanpa Gula Biji Bubuk Coffe Beans 500gr,Rp198.800,Rp300.900,34%,Second Step Coffee,N/A,5.0,500+ terjual
Biji Kopi Arabika Gayo Honey Arabica Coffee Beans Sakha Roastery 500gr,Rp219.800,Rp419.900,48%,Sakha Coffee Roastery,N/A,5.0,750+ terjual
